{
  "version": 1,
  "author": "AKASH",
  "editor": "wokwi",
  "parts": [
    { "type": "wokwi-arduino-uno", "id": "uno", "top": 115.8, "left": -0.6, "attrs": {} },
    { "type": "wokwi-servo", "id": "servo1", "top": 7.6, "left": 297.6, "attrs": {} },
    { "type": "wokwi-lcd1602", "id": "lcd1", "top": -198.17, "left": 323.2, "attrs": {} },
    { "type": "wokwi-membrane-keypad", "id": "keypad1", "top": -318.8, "left": -4, "attrs": {} }
  ],
  "connections": [
    [ "servo1:GND", "uno:GND.1", "black", [ "h0" ] ],
    [ "lcd1:RS", "uno:12", "green", [ "v0" ] ],
    [ "lcd1:E", "uno:11", "green", [ "v0" ] ],
    [ "lcd1:D4", "uno:5", "green", [ "v0" ] ],
    [ "lcd1:D5", "uno:4", "green", [ "v0" ] ],
    [ "lcd1:D6", "uno:3", "green", [ "v0" ] ],
    [ "lcd1:D7", "uno:2", "green", [ "v0" ] ],
    [ "keypad1:R1", "uno:A0", "green", [ "v0" ] ],
    [ "keypad1:R2", "uno:A1", "green", [ "v0" ] ],
    [ "keypad1:R3", "uno:A2", "green", [ "v0" ] ],
    [ "keypad1:R4", "uno:A3", "green", [ "v0" ] ],
    [ "keypad1:C1", "uno:8", "green", [ "v0" ] ],
    [ "keypad1:C2", "uno:7", "green", [ "v0" ] ],
    [ "keypad1:C3", "uno:6", "green", [ "v0" ] ],
    [ "keypad1:C4", "uno:5", "green", [ "v0" ] ],
    [ "servo1:PWM", "uno:9", "green", [ "h0" ] ],
    [ "servo1:V+", "uno:5V", "green", [ "h0" ] ]
  ],
  "dependencies": {}
}